name,lfeet,linch,bfeet,binch,hfeet,hinch,nos,answer
test,2,2,3,2,1,0,2,13.7578
test2,1,2,1,2,1,2,2,3.2032259999999995
test3,1,0,2,2,0,1,0,0.0
test4,1,0,1,13,0,12,0,0.0
test,2,2,2,2,2,2,12,122.619756
test,1,1,1,1,1,1,1,1.2597120000000002
